task,algo,tag,seed,total_timesteps,train_seconds,det_success_rate,det_mean_steps_to_success,det_mean_return,sto_success_rate,sto_mean_steps_to_success,steps_to_eval_success_50,steps_to_eval_success_90,steps_to_train_success_50,steps_to_train_success_90,run_dir
fist,ppo,default,0,1015808,442.6,1.0,34.6,-249.91710078249247,1.0,58.9,825000,825000,840000,870000,results/experiments\fist\ppo\default_seed0
fist,ppo,default,1,1015808,422.3,0.9,33.833333333333336,-331.7304298724038,0.95,55.31578947368421,400000,400000,780000,820000,results/experiments\fist\ppo\default_seed1
fist,ppo,default,2,1015808,408.5,1.0,30.65,-217.07788275591128,1.0,48.6,325000,350000,730000,770000,results/experiments\fist\ppo\default_seed2
fist,sac,default,0,1000000,10643.9,1.0,24.0,-174.60568815975182,1.0,24.1,75000,75000,60000,60000,results/experiments\fist\sac\default_seed0
fist,sac,default,1,1000000,10688.6,1.0,24.0,-174.62944434769423,1.0,24.05,75000,75000,70000,70000,results/experiments\fist\sac\default_seed1
fist,sac,default,2,1000000,10674.0,1.0,24.15,-174.5948165800367,1.0,24.4,175000,175000,170000,170000,results/experiments\fist\sac\default_seed2
fist,td3,batch128,0,1000000,7370.7,1.0,24.2,-181.94581158331977,1.0,24.2,50000,50000,50000,50000,results/experiments\fist\td3\batch128_seed0
fist,td3,batch128,1,1000000,7264.0,1.0,24.05,-178.0162641006776,1.0,24.05,25000,25000,30000,30000,results/experiments\fist\td3\batch128_seed1
fist,td3,batch128,2,1000000,7165.0,1.0,24.1,-179.46556460394874,1.0,24.1,25000,50000,40000,40000,results/experiments\fist\td3\batch128_seed2
fist,td3,batch512,0,1000000,11803.3,1.0,29.15,-198.5494967304606,1.0,29.15,25000,25000,30000,30000,results/experiments\fist\td3\batch512_seed0
fist,td3,batch512,1,1000000,11838.2,1.0,24.1,-179.18444954283052,1.0,24.1,50000,50000,50000,50000,results/experiments\fist\td3\batch512_seed1
fist,td3,batch512,2,1000000,11808.9,1.0,24.2,-180.12547752400454,1.0,24.2,25000,25000,20000,30000,results/experiments\fist\td3\batch512_seed2
fist,td3,default,0,1000000,8669.8,1.0,28.15,-201.4460365580704,1.0,28.15,25000,25000,25000,30000,results/experiments\fist\td3\default_seed0
fist,td3,default,1,1000000,8916.6,1.0,24.1,-176.5112003142064,1.0,24.1,75000,75000,70000,70000,results/experiments\fist\td3\default_seed1
fist,td3,default,2,1000000,8802.2,1.0,24.55,-183.13629214700018,1.0,24.55,75000,75000,75000,75000,results/experiments\fist\td3\default_seed2
fist,td3,lr3e-3,0,1000000,9618.3,1.0,24.4,-180.63747355371075,1.0,24.4,50000,75000,50000,60000,results/experiments\fist\td3\lr3e-3_seed0
fist,td3,lr3e-3,1,1000000,9086.9,1.0,24.05,-177.89782120382995,1.0,24.05,25000,25000,20000,25000,results/experiments\fist\td3\lr3e-3_seed1
fist,td3,lr3e-3,2,1000000,9168.5,1.0,24.2,-180.7094529874757,1.0,24.2,50000,50000,40000,40000,results/experiments\fist\td3\lr3e-3_seed2
fist,td3,lr3e-4,0,1000000,8598.7,1.0,24.65,-180.90988192083108,1.0,24.65,25000,25000,25000,30000,results/experiments\fist\td3\lr3e-4_seed0
fist,td3,lr3e-4,1,1000000,8578.1,1.0,24.05,-182.28970649314627,1.0,24.05,50000,50000,50000,60000,results/experiments\fist\td3\lr3e-4_seed1
fist,td3,lr3e-4,2,1000000,8632.0,1.0,24.05,-178.4417765353922,1.0,24.05,100000,100000,80000,90000,results/experiments\fist\td3\lr3e-4_seed2
fist,td3,net256,0,1000000,6906.1,1.0,24.1,-177.9108418285185,1.0,24.1,75000,75000,50000,60000,results/experiments\fist\td3\net256_seed0
fist,td3,net256,1,1000000,6936.4,1.0,24.2,-182.02559085542185,1.0,24.2,25000,25000,20000,20000,results/experiments\fist\td3\net256_seed1
fist,td3,net256,2,1000000,6900.6,1.0,24.45,-180.01786297859258,1.0,24.45,50000,50000,40000,40000,results/experiments\fist\td3\net256_seed2
fist,td3,net64,0,1000000,4020.3,1.0,24.5,-186.7479743916862,1.0,24.5,50000,50000,20000,40000,results/experiments\fist\td3\net64_seed0
fist,td3,net64,1,1000000,3926.4,1.0,23.9,-181.7250654401313,1.0,23.9,50000,50000,25000,30000,results/experiments\fist\td3\net64_seed1
fist,td3,net64,2,1000000,3987.2,1.0,25.75,-192.1164316162411,1.0,25.75,50000,50000,40000,40000,results/experiments\fist\td3\net64_seed2
pinch,ppo,default,0,507904,220.3,1.0,75.6,-179.93813958086008,1.0,93.2,90000,120000,140000,330000,results/experiments\pinch\ppo\default_seed0
pinch,ppo,default,1,507904,229.2,0.75,143.86666666666667,-351.18011306845375,1.0,97.3,40000,40000,120000,360000,results/experiments\pinch\ppo\default_seed1
pinch,ppo,default,2,507904,210.5,0.7,114.28571428571429,-292.7380645311052,0.95,113.47368421052632,50000,50000,140000,350000,results/experiments\pinch\ppo\default_seed2
pinch,sac,default,0,500000,5108.9,1.0,13.25,-68.20137285307415,1.0,13.25,20000,20000,10000,20000,results/experiments\pinch\sac\default_seed0
pinch,sac,default,1,500000,5099.9,1.0,13.05,-68.19339488356198,1.0,13.1,30000,30000,10000,20000,results/experiments\pinch\sac\default_seed1
pinch,sac,default,2,500000,4958.6,1.0,13.0,-67.66878974137154,1.0,13.0,20000,20000,10000,20000,results/experiments\pinch\sac\default_seed2
pinch,td3,batch128,0,500000,3490.3,1.0,13.1,-70.58248334714577,1.0,13.1,20000,30000,30000,30000,results/experiments\pinch\td3\batch128_seed0
pinch,td3,batch128,1,500000,3484.1,1.0,13.1,-69.01052458807658,1.0,13.1,20000,20000,20000,20000,results/experiments\pinch\td3\batch128_seed1
pinch,td3,batch128,2,500000,3428.3,1.0,13.4,-68.53102822911973,1.0,13.4,10000,20000,20000,20000,results/experiments\pinch\td3\batch128_seed2
pinch,td3,batch512,0,500000,5645.8,1.0,13.75,-73.68900272173744,1.0,13.75,20000,20000,20000,20000,results/experiments\pinch\td3\batch512_seed0
pinch,td3,batch512,1,500000,5566.7,1.0,13.55,-71.78159189747903,1.0,13.55,10000,10000,10000,20000,results/experiments\pinch\td3\batch512_seed1
pinch,td3,batch512,2,500000,5128.0,1.0,13.3,-70.0433249785959,1.0,13.3,10000,10000,10000,30000,results/experiments\pinch\td3\batch512_seed2
pinch,td3,default,0,500000,4147.8,1.0,13.35,-71.96758178110018,1.0,13.35,10000,10000,20000,20000,results/experiments\pinch\td3\default_seed0
pinch,td3,default,1,500000,3954.5,1.0,13.15,-69.88773326298696,1.0,13.15,30000,30000,30000,40000,results/experiments\pinch\td3\default_seed1
pinch,td3,default,2,500000,3524.7,1.0,13.8,-71.75442547762289,1.0,13.8,10000,10000,10000,20000,results/experiments\pinch\td3\default_seed2
pinch,td3,lr3e-3,0,500000,4393.9,1.0,14.0,-77.01628729662248,1.0,14.0,20000,30000,20000,30000,results/experiments\pinch\td3\lr3e-3_seed0
pinch,td3,lr3e-3,1,500000,4249.3,1.0,13.6,-70.92293196184752,1.0,13.6,30000,30000,20000,40000,results/experiments\pinch\td3\lr3e-3_seed1
pinch,td3,lr3e-3,2,500000,4299.3,1.0,13.6,-75.33664712727808,1.0,13.6,10000,10000,10000,20000,results/experiments\pinch\td3\lr3e-3_seed2
pinch,td3,lr3e-4,0,500000,4157.0,1.0,13.4,-69.69661521502196,1.0,13.4,20000,20000,10000,30000,results/experiments\pinch\td3\lr3e-4_seed0
pinch,td3,lr3e-4,1,500000,4182.5,1.0,13.05,-70.69115457820149,1.0,13.05,10000,10000,10000,20000,results/experiments\pinch\td3\lr3e-4_seed1
pinch,td3,lr3e-4,2,500000,4140.7,1.0,13.95,-70.25634816319024,1.0,13.95,10000,10000,20000,20000,results/experiments\pinch\td3\lr3e-4_seed2
pinch,td3,net256,0,500000,3388.5,1.0,13.15,-69.9649444920464,1.0,13.15,10000,10000,20000,30000,results/experiments\pinch\td3\net256_seed0
pinch,td3,net256,1,500000,3395.7,1.0,13.4,-71.77409773709407,1.0,13.4,20000,20000,20000,20000,results/experiments\pinch\td3\net256_seed1
pinch,td3,net256,2,500000,3389.2,1.0,14.95,-73.37869144461898,1.0,14.95,20000,20000,20000,20000,results/experiments\pinch\td3\net256_seed2
pinch,td3,net64,0,500000,1893.9,1.0,13.65,-68.57829031873655,1.0,13.65,20000,20000,20000,40000,results/experiments\pinch\td3\net64_seed0
pinch,td3,net64,1,500000,1892.2,1.0,13.0,-67.61912834578332,1.0,13.0,20000,20000,20000,20000,results/experiments\pinch\td3\net64_seed1
pinch,td3,net64,2,500000,1888.1,1.0,13.3,-70.74852982484454,1.0,13.3,10000,10000,10000,20000,results/experiments\pinch\td3\net64_seed2
