timesteps,elapsed_s,train_success_rate,train_ep_len,train_ep_return,eval_success_rate,eval_mean_steps_to_success,eval_mean_return
10000,38.7,0.1388888888888889,272.6666666666667,-2470.135498046875,,,
20000,80.3,0.3253012048192771,240.14457831325302,-1712.9874267578125,,,
25000,100.1,0.52,204.8,-1126.89794921875,0.0,,-1353.8347282804268
30000,121.4,0.91,83.71,-392.7590637207031,,,
40000,161.2,1.0,44.26,-282.791259765625,,,
50000,200.7,0.99,41.88,-251.37962341308594,1.0,26.7,-192.6352999612387
60000,239.7,1.0,25.64,-192.26345825195312,,,
70000,279.4,1.0,28.28,-197.5482940673828,,,
75000,299.4,1.0,28.43,-194.50262451171875,1.0,27.6,-192.89149368779027
80000,319.5,1.0,27.01,-195.42662048339844,,,
90000,359.2,0.95,53.03,-278.32977294921875,,,
100000,398.0,1.0,26.49,-191.4695281982422,1.0,24.7,-188.07122149647492
110000,437.0,1.0,26.43,-188.71409606933594,,,
120000,475.8,1.0,27.39,-191.0381317138672,,,
125000,495.1,1.0,26.44,-192.03817749023438,1.0,30.5,-207.9201072237845
130000,514.7,1.0,25.74,-189.3050537109375,,,
140000,553.6,1.0,26.7,-193.9376983642578,,,
150000,592.7,1.0,33.24,-211.64132690429688,1.0,24.8,-193.63573041039763
160000,632.0,1.0,26.44,-192.8887176513672,,,
170000,670.8,1.0,26.41,-190.27609252929688,,,
175000,690.2,1.0,26.3,-189.87396240234375,1.0,24.4,-184.40708099199247
180000,709.8,1.0,24.74,-185.24171447753906,,,
190000,747.8,1.0,24.94,-185.95669555664062,,,
200000,786.5,1.0,24.39,-182.97462463378906,1.0,24.1,-182.8007784877751
210000,829.2,1.0,24.68,-186.20684814453125,,,
220000,870.4,1.0,24.49,-184.17210388183594,,,
225000,890.4,1.0,24.93,-184.39120483398438,1.0,24.3,-183.96698872236567
230000,910.3,1.0,24.49,-182.9857177734375,,,
240000,950.7,1.0,24.58,-184.86563110351562,,,
250000,990.3,1.0,26.12,-189.97544860839844,1.0,24.9,-186.57723472957005
260000,1031.9,1.0,24.87,-185.13909912109375,,,
270000,1072.4,1.0,34.03,-209.63314819335938,,,
275000,1092.7,1.0,28.41,-195.20689392089844,1.0,28.9,-193.3374585472158
280000,1112.7,1.0,28.04,-192.87513732910156,,,
290000,1151.8,1.0,24.93,-187.95468139648438,,,
300000,1192.0,0.78,85.46,-802.831298828125,0.0,,-2147.8608410117295
310000,1235.8,0.59,147.29,-1093.418701171875,,,
320000,1276.7,1.0,27.42,-197.32472229003906,,,
325000,1296.3,1.0,25.95,-192.9517364501953,1.0,25.3,-190.4191799570578
330000,1315.9,1.0,30.54,-211.25027465820312,,,
340000,1354.9,1.0,24.99,-185.10646057128906,,,
350000,1394.6,1.0,24.71,-184.57589721679688,1.0,25.1,-186.9040125992435
360000,1434.3,1.0,29.79,-196.95506286621094,,,
370000,1473.6,1.0,25.01,-186.09535217285156,,,
375000,1493.7,1.0,25.62,-187.42572021484375,1.0,28.3,-193.51660247254625
380000,1514.2,1.0,25.42,-187.7113037109375,,,
390000,1554.2,1.0,24.53,-183.9495849609375,,,
400000,1595.8,1.0,24.22,-182.44677734375,1.0,24.9,-184.11118655062165
410000,1636.7,1.0,24.63,-185.9935760498047,,,
420000,1676.0,1.0,24.31,-183.63150024414062,,,
425000,1695.6,1.0,24.35,-184.5121612548828,1.0,24.5,-186.04860738042154
430000,1716.0,1.0,24.86,-187.12173461914062,,,
440000,1755.1,1.0,24.35,-183.30810546875,,,
450000,1793.6,1.0,25.15,-186.1186065673828,1.0,25.5,-185.6223435348271
460000,1833.2,1.0,24.72,-185.4644012451172,,,
470000,1872.2,1.0,24.47,-183.64772033691406,,,
475000,1891.8,1.0,29.76,-196.08636474609375,1.0,25.0,-183.96277282784837
480000,1911.5,1.0,24.87,-184.1528778076172,,,
490000,1950.3,1.0,24.26,-184.43133544921875,,,
500000,1989.2,1.0,24.09,-184.10719299316406,1.0,24.3,-185.74491583191133
510000,2028.5,1.0,24.11,-182.0650177001953,,,
520000,2067.7,1.0,24.07,-183.39535522460938,,,
525000,2087.1,1.0,24.11,-185.81007385253906,1.0,24.4,-184.6125536441048
530000,2107.1,1.0,24.18,-185.26148986816406,,,
540000,2147.2,1.0,24.07,-183.17933654785156,,,
550000,2185.7,1.0,24.23,-184.39683532714844,1.0,24.1,-184.12897705213928
560000,2224.4,1.0,24.22,-182.60440063476562,,,
570000,2263.6,1.0,24.22,-182.5904083251953,,,
575000,2283.6,1.0,24.23,-182.1858367919922,1.0,24.1,-181.11438265120674
580000,2303.0,1.0,24.11,-182.0401611328125,,,
590000,2341.7,1.0,24.04,-181.63658142089844,,,
600000,2381.0,1.0,24.01,-181.5080108642578,1.0,24.1,-182.33824388304117
610000,2421.3,1.0,24.07,-181.99205017089844,,,
620000,2461.0,1.0,24.08,-181.77838134765625,,,
625000,2481.1,1.0,24.08,-182.05548095703125,1.0,24.0,-182.37182757254294
630000,2501.0,1.0,24.07,-181.69578552246094,,,
640000,2541.6,1.0,24.06,-181.86329650878906,,,
650000,2580.9,1.0,24.02,-182.0433349609375,1.0,24.0,-182.20584099268962
660000,2619.6,1.0,24.07,-181.60092163085938,,,
670000,2658.7,1.0,24.15,-181.90904235839844,,,
675000,2678.3,1.0,24.18,-181.83026123046875,1.0,24.4,-182.61529226761417
680000,2697.3,1.0,24.04,-181.68341064453125,,,
690000,2734.7,1.0,24.06,-181.99388122558594,,,
700000,2772.3,1.0,24.07,-181.44761657714844,1.0,24.1,-181.65247188391896
710000,2809.9,1.0,24.1,-182.56390380859375,,,
720000,2847.6,1.0,24.12,-182.57675170898438,,,
725000,2866.5,1.0,24.14,-182.24789428710938,1.0,24.1,-181.51114889314957
730000,2885.6,1.0,24.24,-182.3822021484375,,,
740000,2923.4,1.0,24.27,-182.2850341796875,,,
750000,2960.6,1.0,24.18,-181.81959533691406,1.0,24.0,-181.69512912889493
760000,2998.6,1.0,24.21,-181.92369079589844,,,
770000,3036.9,1.0,24.18,-182.48300170898438,,,
775000,3055.0,1.0,24.28,-183.1316375732422,1.0,24.8,-186.6198057891353
780000,3074.4,1.0,24.23,-184.0513153076172,,,
790000,3112.8,1.0,24.41,-184.17538452148438,,,
800000,3150.9,1.0,24.41,-183.31996154785156,1.0,24.4,-182.75069869149823
810000,3190.0,1.0,24.04,-183.27603149414062,,,
820000,3228.7,1.0,24.34,-183.3646240234375,,,
825000,3247.6,1.0,24.18,-182.87100219726562,1.0,24.1,-182.44165207105507
830000,3266.8,1.0,24.18,-182.6441192626953,,,
840000,3305.5,1.0,24.05,-182.3406982421875,,,
850000,3344.0,1.0,24.34,-183.2257080078125,1.0,24.1,-182.4685347706629
860000,3382.9,1.0,24.08,-182.38084411621094,,,
870000,3421.3,1.0,24.1,-182.4189910888672,,,
875000,3440.6,1.0,24.14,-183.32830810546875,1.0,24.0,-182.76442289960724
880000,3460.0,1.0,24.11,-183.03990173339844,,,
890000,3498.7,1.0,24.06,-182.0223846435547,,,
900000,3536.9,1.0,24.04,-181.5734405517578,1.0,24.0,-182.49138125145015
910000,3575.2,1.0,24.27,-183.74810791015625,,,
920000,3613.5,1.0,24.42,-183.5129852294922,,,
925000,3633.0,1.0,24.37,-183.50279235839844,1.0,24.0,-181.86552588425306
930000,3652.7,1.0,24.46,-183.85325622558594,,,
940000,3693.3,1.0,24.16,-182.8418426513672,,,
950000,3731.8,1.0,24.08,-182.4561004638672,1.0,24.0,-182.7977121130595
960000,3770.5,1.0,24.51,-184.841796875,,,
970000,3809.1,1.0,24.18,-183.61679077148438,,,
975000,3828.3,1.0,24.13,-184.17872619628906,1.0,24.1,-183.317365341129
980000,3847.9,1.0,27.98,-201.89793395996094,,,
990000,3886.9,1.0,24.85,-184.6014404296875,,,
1000000,3926.2,1.0,24.11,-183.02049255371094,1.0,24.0,-182.46730570575411
